Model,Accuracy,Macro Precision,Macro Recall,Macro F1,Micro Precision,Micro Recall,Micro F1
Best Model,0.7433333333333333,0.740736453855924,0.7433333333333333,0.741277179077812,0.7433333333333333,0.7433333333333333,0.7433333333333333
Main Model,0.7066666666666667,0.7060439245566742,0.7066666666666667,0.7057220938324014,0.7066666666666667,0.7066666666666667,0.7066666666666667
Variant 1,0.7333333333333333,0.73772809469012,0.7333333333333334,0.7343301435406698,0.7333333333333333,0.7333333333333333,0.7333333333333333
Variant 2,0.7233333333333334,0.7281787429328412,0.7233333333333334,0.7223535586483396,0.7233333333333334,0.7233333333333334,0.7233333333333334
