Model,Accuracy,Macro Precision,Macro Recall,Macro F1,Micro Precision,Micro Recall,Micro F1
Main Model,0.66,0.6866633495503465,0.6599999999999999,0.6659075482705619,0.66,0.66,0.66
Variant 1,0.615,0.6387955437989055,0.615,0.6138336577498482,0.615,0.615,0.615
Variant 2,0.6425,0.6554869532027765,0.6425000000000001,0.6435132746947303,0.6425,0.6425,0.6425
