Model,Accuracy,Macro Precision,Macro Recall,Macro F1,Micro Precision,Micro Recall,Micro F1
Best Model,0.7433333333333333,0.740736453855924,0.7433333333333333,0.741277179077812,0.7433333333333333,0.7433333333333333,0.7433333333333333
Main Model,0.6633333333333333,0.6540064468013396,0.6633333333333333,0.6513506293593446,0.6633333333333333,0.6633333333333333,0.6633333333333333
Variant 1,0.6166666666666667,0.6152420522152371,0.6166666666666667,0.6142543992158819,0.6166666666666667,0.6166666666666667,0.6166666666666667
Variant 2,0.6466666666666666,0.6526522626678846,0.6466666666666667,0.6345049020208486,0.6466666666666666,0.6466666666666666,0.6466666666666666
