Model,Accuracy,Macro Precision,Macro Recall,Macro F1,Micro Precision,Micro Recall,Micro F1
Main Model,0.6566666666666666,0.670182610085511,0.6566666666666667,0.6497780098791222,0.6566666666666666,0.6566666666666666,0.6566666666666666
Variant 1,0.66,0.674266610999914,0.66,0.6638345753152393,0.66,0.66,0.66
Variant 2,0.6333333333333333,0.6203160988808039,0.6333333333333333,0.616391049099545,0.6333333333333333,0.6333333333333333,0.6333333333333333
