Model,Accuracy,Macro Precision,Macro Recall,Macro F1,Micro Precision,Micro Recall,Micro F1
Best Model,0.7433333333333333,0.740736453855924,0.7433333333333333,0.741277179077812,0.7433333333333333,0.7433333333333333,0.7433333333333333
Main Model,0.6633333333333333,0.6540064468013396,0.6633333333333333,0.6513506293593446,0.6633333333333333,0.6633333333333333,0.6633333333333333
Variant 1,0.6933333333333334,0.7157377049180328,0.6933333333333334,0.6992948446984427,0.6933333333333334,0.6933333333333334,0.6933333333333334
Variant 2,0.6,0.6592105263157895,0.6,0.5793903318094515,0.6,0.6,0.6
