Model,Accuracy,Macro Precision,Macro Recall,Macro F1,Micro Precision,Micro Recall,Micro F1
Best Model,0.73,0.742801851903852,0.73,0.7333172458172459,0.73,0.73,0.7299999999999999
Main Model,0.73,0.742801851903852,0.73,0.7333172458172459,0.73,0.73,0.7299999999999999
Variant 1,0.68,0.6729567218703737,0.6799999999999999,0.6619367604871136,0.68,0.68,0.68
Variant 2,0.6866666666666666,0.6963468309859155,0.6866666666666666,0.69066596700545,0.6866666666666666,0.6866666666666666,0.6866666666666666
