Model,Accuracy,Macro Precision,Macro Recall,Macro F1,Micro Precision,Micro Recall,Micro F1
Best Model,0.73,0.742801851903852,0.73,0.7333172458172459,0.73,0.73,0.7299999999999999
Main Model,0.71,0.7193953869442568,0.71,0.7128615581539961,0.71,0.71,0.7100000000000001
Variant 1,0.68,0.6729567218703737,0.6799999999999999,0.6619367604871136,0.68,0.68,0.68
Variant 2,0.6466666666666666,0.6550644380223385,0.6466666666666666,0.636530331029788,0.6466666666666666,0.6466666666666666,0.6466666666666666
