Model,Accuracy,Macro Precision,Macro Recall,Macro F1,Micro Precision,Micro Recall,Micro F1
Best Model,0.7166666666666667,0.7210031647374123,0.7166666666666668,0.7185807215928193,0.7166666666666667,0.7166666666666667,0.7166666666666667
Main Model,0.7066666666666667,0.7060439245566742,0.7066666666666667,0.7057220938324014,0.7066666666666667,0.7066666666666667,0.7066666666666667
Variant 1,0.7333333333333333,0.73772809469012,0.7333333333333334,0.7343301435406698,0.7333333333333333,0.7333333333333333,0.7333333333333333
Variant 2,0.6766666666666666,0.6950767953272095,0.6766666666666666,0.6715632954636587,0.6766666666666666,0.6766666666666666,0.6766666666666666
