Model,Accuracy,Macro Precision,Macro Recall,Macro F1,Micro Precision,Micro Recall,Micro F1
Best Model,0.7433333333333333,0.740736453855924,0.7433333333333333,0.741277179077812,0.7433333333333333,0.7433333333333333,0.7433333333333333
Main Model,0.54,0.5828486524281719,0.54,0.5072738342555416,0.54,0.54,0.54
Variant 1,0.6433333333333333,0.6512699889716018,0.6433333333333333,0.6444405348346236,0.6433333333333333,0.6433333333333333,0.6433333333333333
Variant 2,0.7433333333333333,0.740736453855924,0.7433333333333333,0.741277179077812,0.7433333333333333,0.7433333333333333,0.7433333333333333
