Model,Accuracy,Macro Precision,Macro Recall,Macro F1,Micro Precision,Micro Recall,Micro F1
Best Model,0.6733333333333333,0.6775938617086532,0.6733333333333333,0.6672633776814597,0.6733333333333333,0.6733333333333333,0.6733333333333333
Main Model,0.68,0.6735955868495787,0.6799999999999999,0.6747387953114843,0.68,0.68,0.68
Variant 1,0.6566666666666666,0.6684172848102933,0.6566666666666667,0.6567593371640975,0.6566666666666666,0.6566666666666666,0.6566666666666666
Variant 2,0.67,0.689474061151802,0.67,0.6657613691158931,0.67,0.67,0.67
