Model,Accuracy,Macro Precision,Macro Recall,Macro F1,Micro Precision,Micro Recall,Micro F1
Main Model,0.5625,0.5582087219817236,0.5625,0.5594556869373293,0.5625,0.5625,0.5625
Variant 1,0.59,0.5812567498888254,0.59,0.5736859077480939,0.59,0.59,0.59
Variant 2,0.62,0.6223797084623324,0.62,0.619971225891647,0.62,0.62,0.62
